Stock,ModelVersion,RMSE_Basic,RMSE_WithIndicators,RMSE_Diff,Improved_%,Improved
AES,Ridge_v3,0.18627715730271488,0.190917951497876,-0.004640794195161113,-2.491338316710224,False
AES,Ridge_v2,0.18642082617267713,0.19092210521932743,-0.004501279046650292,-2.4145794968641887,False
AES,Linear_v1,0.18626584120148726,0.19092339884471768,-0.00465755764323042,-2.500489415121612,False
AES,Ridge_v1,0.18899851046848895,0.19237295407791533,-0.0033744436094263752,-1.785433970385171,False
AES,Lasso_v3,0.19362777224102745,0.19364403410888595,-1.6261867858496926e-05,-0.008398520351850243,False
AES,Lasso_v2,0.19395022791309804,0.19417562803303343,-0.00022540011993538167,-0.11621544473583974,False
AES,Lasso_v1,0.20026500996943802,0.20026500996943802,0.0,0.0,False
F,Lasso_v3,0.1955433636587403,0.20766148217596037,-0.012118118517220056,-6.197151511809133,False
F,Lasso_v2,0.20038072986768665,0.21101962171684835,-0.010638891849161697,-5.309338805276665,False
AES,GradientBoosting_v1,0.20467471238773507,0.2159436396981632,-0.011268927310428112,-5.505774103192726,False
AES,RandomForest_v2,0.21562698231782795,0.21770038503057587,-0.002073402712747918,-0.9615692296299831,False
AES,RandomForest_v1,0.21298272396391038,0.22227390701794222,-0.009291183054031843,-4.362411598983127,False
F,Linear_v1,0.19483702536784245,0.22523863434926314,-0.03040160898142069,-15.603609695859396,False
F,Ridge_v3,0.19480516219390373,0.22530722096872233,-0.030502058774818597,-15.65772612558269,False
F,Ridge_v2,0.19455244543015177,0.22592460363328487,-0.031372158203133105,-16.1252962581734,False
AES,RandomForest_v3,0.217559995738874,0.23052628142132522,-0.012966285682451228,-5.959866674208796,False
F,Ridge_v1,0.19393619438049928,0.23146147521859664,-0.037525280838097363,-19.349292151455465,False
AES,GradientBoosting_v3,0.22651865729444937,0.23204427483559445,-0.005525617541145084,-2.439365307539497,False
AES,GradientBoosting_v2,0.2048485011906152,0.2321313970807985,-0.02728289589018329,-13.318572375004132,False
CHK,Ridge_v3,0.2374040905326377,0.23690336382732824,0.0005007267053094566,0.21091747163497926,True
CHK,Linear_v1,0.23794829103378493,0.23703178329282504,0.0009165077409598876,0.38517097012046114,True
CHK,Ridge_v2,0.23609218639533694,0.23791555457128571,-0.0018233681759487752,-0.7723119531349253,False
CHK,Lasso_v2,0.24608922659172702,0.24360866071838438,0.0024805658733426383,1.00799450170893,True
CHK,Lasso_v1,0.24437597522674676,0.24417140311212748,0.0002045721146192725,0.08371204019931099,True
CHK,Lasso_v3,0.24739359687740864,0.24612068699482334,0.0012729098825852991,0.5145282249225174,True
